Workbook

Sheet Optik Giriş ve Notlar
A1: T.C. MİLLÎ EĞİTİM BAKANLIĞI • ALPARSLAN ORTAOKULU
A2: 2026 - 2027 EĞİTİM ÖĞRETİM YILI • TÜRKİYE YÜZYILI MAARİF MODELİ 5. SINIF MATEMATİK DERSİ
A3: 1. HAFTA ÇALIŞMA KAĞIDI: OPTİK CEVAP KODLAMA, NOT VE KAZANIM ANALİZ ÇİZELGESİ
A4: Sınıf / Şube: | B4: 5 / A | E4: Ders Öğretmeni: | F4: Uğur YAŞAYAN | K4: Uygulama Tarihi: | L4: Eylül 2026 | P4: Okul Müdürü: | Q4: Mustafa ÖZKAN
B5: TOPLAM ÖĞRENCİ | E5: SINIF NOT ORTALAMASI | I5: EN YÜKSEK NOT | M5: EN DÜŞÜK NOT | Q5: BAŞARI YÜZDESİ (>=50 Puan)
B6: =COUNTA(C12:C41) | E6: =AVERAGE(S12:S41) | I6: =MAX(S12:S41) | M6: =MIN(S12:S41) | Q6: =COUNTIF(S12:S41, ">=50")/COUNTA(C12:C41)
A10: 🎯 RESMÎ CEVAP ANAHTARI: | D10: A | E10: C | F10: A | G10: C | H10: C | I10: C | J10: C | K10: C | L10: A | M10: A | N10: C | O10: D | P10: 12 Soru • Her Soru ~8.33 Puan • Boşlar Yanlış Sayılmaz
A11: No | B11: Okul No | C11: Öğrencinin Adı Soyadı | D11: S1 (C) | E11: S2 (D) | F11: S3 (A) | G11: S4 (B) | H11: S5 (D) | I11: S6 (B) | J11: S7 (C) | K11: S8 (A) | L11: S9 (D) | M11: S10 (C) | N11: S11 (B) | O11: S12 (A) | P11: Doğru (D) | Q11: Yanlış (Y) | R11: Boş (B) | S11: Puan (100) | T11: Başarı Düzeyi (Maarif Modeli)
A12: 1 | B12: 102 | C12: Ali YILDIRIM | D12: B | E12: C | F12: A | G12: C | H12: C | I12: C | J12: C | K12: D | L12: A | M12: A | N12: C | O12: D | P12: =(D12=$D$10)+(E12=$E$10)+(F12=$F$10)+(G12=$G$10)+(H12=$H$10)+(I12=$I$10)+(J12=$J$10)+(K12=$K$10)+(L12=$L$10)+(M12=$M$10)+(N12=$N$10)+(O12=$O$10) | Q12: =12-P12-R12 | R12: =COUNTBLANK(D12:O12) | S12: =ROUND(P12*(100/12), 1) | T12: =IF(S12>=85, "Pekiyi (5)", IF(S12>=70, "İyi (4)", IF(S12>=55, "Orta (3)", IF(S12>=45, "Geçer (2)", "Geliştirilmeli (1)"))))
A13: 2 | B13: 105 | C13: Ayşe KAYA | D13: A | E13: C | F13: A | G13: C | H13: C | I13: C | J13: D | K13: C | L13: A | M13: A | N13: A | O13: D | P13: =(D13=$D$10)+(E13=$E$10)+(F13=$F$10)+(G13=$G$10)+(H13=$H$10)+(I13=$I$10)+(J13=$J$10)+(K13=$K$10)+(L13=$L$10)+(M13=$M$10)+(N13=$N$10)+(O13=$O$10) | Q13: =12-P13-R13 | R13: =COUNTBLANK(D13:O13) | S13: =ROUND(P13*(100/12), 1) | T13: =IF(S13>=85, "Pekiyi (5)", IF(S13>=70, "İyi (4)", IF(S13>=55, "Orta (3)", IF(S13>=45, "Geçer (2)", "Geliştirilmeli (1)"))))
A14: 3 | B14: 112 | C14: Burak DEMİR | D14: A | E14: C | F14: A | G14: C | H14: C | I14: D | J14: C | K14: A | L14: A | M14: A | N14: C | O14: D | P14: =(D14=$D$10)+(E14=$E$10)+(F14=$F$10)+(G14=$G$10)+(H14=$H$10)+(I14=$I$10)+(J14=$J$10)+(K14=$K$10)+(L14=$L$10)+(M14=$M$10)+(N14=$N$10)+(O14=$O$10) | Q14: =12-P14-R14 | R14: =COUNTBLANK(D14:O14) | S14: =ROUND(P14*(100/12), 1) | T14: =IF(S14>=85, "Pekiyi (5)", IF(S14>=70, "İyi (4)", IF(S14>=55, "Orta (3)", IF(S14>=45, "Geçer (2)", "Geliştirilmeli (1)"))))
A15: 4 | B15: 118 | C15: Ceren ÇELİK | D15: A | E15: C | F15: A | G15: C | H15: D | I15: C | J15: C | K15: C | L15: A | M15: A | N15: C | O15: A | P15: =(D15=$D$10)+(E15=$E$10)+(F15=$F$10)+(G15=$G$10)+(H15=$H$10)+(I15=$I$10)+(J15=$J$10)+(K15=$K$10)+(L15=$L$10)+(M15=$M$10)+(N15=$N$10)+(O15=$O$10) | Q15: =12-P15-R15 | R15: =COUNTBLANK(D15:O15) | S15: =ROUND(P15*(100/12), 1) | T15: =IF(S15>=85, "Pekiyi (5)", IF(S15>=70, "İyi (4)", IF(S15>=55, "Orta (3)", IF(S15>=45, "Geçer (2)", "Geliştirilmeli (1)"))))
A16: 5 | B16: 124 | C16: Deniz ARSLAN | D16: A | E16: A | F16: A | G16: D | H16: C | I16: C | J16: C | K16: C | L16: A | M16: A | N16: D | O16: D | P16: =(D16=$D$10)+(E16=$E$10)+(F16=$F$10)+(G16=$G$10)+(H16=$H$10)+(I16=$I$10)+(J16=$J$10)+(K16=$K$10)+(L16=$L$10)+(M16=$M$10)+(N16=$N$10)+(O16=$O$10) | Q16: =12-P16-R16 | R16: =COUNTBLANK(D16:O16) | S16: =ROUND(P16*(100/12), 1) | T16: =IF(S16>=85, "Pekiyi (5)", IF(S16>=70, "İyi (4)", IF(S16>=55, "Orta (3)", IF(S16>=45, "Geçer (2)", "Geliştirilmeli (1)"))))
A17: 6 | B17: 130 | C17: Efe POLAT | D17: A | E17: C | F17: B | G17: C | H17: C | I17: C | J17: C | K17: C | L17: A | M17: B | N17: C | O17: B | P17: =(D17=$D$10)+(E17=$E$10)+(F17=$F$10)+(G17=$G$10)+(H17=$H$10)+(I17=$I$10)+(J17=$J$10)+(K17=$K$10)+(L17=$L$10)+(M17=$M$10)+(N17=$N$10)+(O17=$O$10) | Q17: =12-P17-R17 | R17: =COUNTBLANK(D17:O17) | S17: =ROUND(P17*(100/12), 1) | T17: =IF(S17>=85, "Pekiyi (5)", IF(S17>=70, "İyi (4)", IF(S17>=55, "Orta (3)", IF(S17>=45, "Geçer (2)", "Geliştirilmeli (1)"))))
A18: 7 | B18: 135 | C18: Elif ŞAHİN | D18: A | E18: D | F18: A | G18: C | H18: C | I18: C | J18: C | K18: C | L18: B | M18: A | N18: C | O18: D | P18: =(D18=$D$10)+(E18=$E$10)+(F18=$F$10)+(G18=$G$10)+(H18=$H$10)+(I18=$I$10)+(J18=$J$10)+(K18=$K$10)+(L18=$L$10)+(M18=$M$10)+(N18=$N$10)+(O18=$O$10) | Q18: =12-P18-R18 | R18: =COUNTBLANK(D18:O18) | S18: =ROUND(P18*(100/12), 1) | T18: =IF(S18>=85, "Pekiyi (5)", IF(S18>=70, "İyi (4)", IF(S18>=55, "Orta (3)", IF(S18>=45, "Geçer (2)", "Geliştirilmeli (1)"))))
A19: 8 | B19: 142 | C19: Emir ÖZTÜRK | D19: B | E19: C | F19: A | G19: C | H19: C | I19: A | J19: C | K19: D | L19: A | M19: A | N19: C | O19: D | P19: =(D19=$D$10)+(E19=$E$10)+(F19=$F$10)+(G19=$G$10)+(H19=$H$10)+(I19=$I$10)+(J19=$J$10)+(K19=$K$10)+(L19=$L$10)+(M19=$M$10)+(N19=$N$10)+(O19=$O$10) | Q19: =12-P19-R19 | R19: =COUNTBLANK(D19:O19) | S19: =ROUND(P19*(100/12), 1) | T19: =IF(S19>=85, "Pekiyi (5)", IF(S19>=70, "İyi (4)", IF(S19>=55, "Orta (3)", IF(S19>=45, "Geçer (2)", "Geliştirilmeli (1)"))))
A20: 9 | B20: 148 | C20: Fatma KOÇ | D20: A | E20: C | F20: C | G20: C | H20: C | I20: C | J20: D | K20: C | L20: A | M20: A | N20: C | O20: D | P20: =(D20=$D$10)+(E20=$E$10)+(F20=$F$10)+(G20=$G$10)+(H20=$H$10)+(I20=$I$10)+(J20=$J$10)+(K20=$K$10)+(L20=$L$10)+(M20=$M$10)+(N20=$N$10)+(O20=$O$10) | Q20: =12-P20-R20 | R20: =COUNTBLANK(D20:O20) | S20: =ROUND(P20*(100/12), 1) | T20: =IF(S20>=85, "Pekiyi (5)", IF(S20>=70, "İyi (4)", IF(S20>=55, "Orta (3)", IF(S20>=45, "Geçer (2)", "Geliştirilmeli (1)"))))
A21: 10 | B21: 155 | C21: Gökhan KURT | D21: A | E21: C | F21: A | G21: C | H21: C | I21: D | J21: C | K21: C | L21: A | M21: A | N21: C | O21: D | P21: =(D21=$D$10)+(E21=$E$10)+(F21=$F$10)+(G21=$G$10)+(H21=$H$10)+(I21=$I$10)+(J21=$J$10)+(K21=$K$10)+(L21=$L$10)+(M21=$M$10)+(N21=$N$10)+(O21=$O$10) | Q21: =12-P21-R21 | R21: =COUNTBLANK(D21:O21) | S21: =ROUND(P21*(100/12), 1) | T21: =IF(S21>=85, "Pekiyi (5)", IF(S21>=70, "İyi (4)", IF(S21>=55, "Orta (3)", IF(S21>=45, "Geçer (2)", "Geliştirilmeli (1)"))))
A22: 11 | B22: 161 | C22: Hakan AYDIN | D22: A | E22: C | F22: A | G22: C | H22: D | I22: C | J22: C | K22: C | L22: A | M22: C | N22: C | O22: A | P22: =(D22=$D$10)+(E22=$E$10)+(F22=$F$10)+(G22=$G$10)+(H22=$H$10)+(I22=$I$10)+(J22=$J$10)+(K22=$K$10)+(L22=$L$10)+(M22=$M$10)+(N22=$N$10)+(O22=$O$10) | Q22: =12-P22-R22 | R22: =COUNTBLANK(D22:O22) | S22: =ROUND(P22*(100/12), 1) | T22: =IF(S22>=85, "Pekiyi (5)", IF(S22>=70, "İyi (4)", IF(S22>=55, "Orta (3)", IF(S22>=45, "Geçer (2)", "Geliştirilmeli (1)"))))
A23: 12 | B23: 167 | C23: İrem YILMAZ | D23: A | E23: C | F23: A | G23: D | H23: C | I23: C | J23: A | K23: C | L23: A | M23: A | N23: D | O23: D | P23: =(D23=$D$10)+(E23=$E$10)+(F23=$F$10)+(G23=$G$10)+(H23=$H$10)+(I23=$I$10)+(J23=$J$10)+(K23=$K$10)+(L23=$L$10)+(M23=$M$10)+(N23=$N$10)+(O23=$O$10) | Q23: =12-P23-R23 | R23: =COUNTBLANK(D23:O23) | S23: =ROUND(P23*(100/12), 1) | T23: =IF(S23>=85, "Pekiyi (5)", IF(S23>=70, "İyi (4)", IF(S23>=55, "Orta (3)", IF(S23>=45, "Geçer (2)", "Geliştirilmeli (1)"))))
... A39: 28 | B39: 263 | C39: Zeynep TAŞ | D39: A | E39: D | F39: A | G39: C | H39: C | I39: C | J39: C | K39: C | L39: B | M39: A | N39: A | O39: D | P39: =(D39=$D$10)+(E39=$E$10)+(F39=$F$10)+(G39=$G$10)+(H39=$H$10)+(I39=$I$10)+(J39=$J$10)+(K39=$K$10)+(L39=$L$10)+(M39=$M$10)+(N39=$N$10)+(O39=$O$10) | Q39: =12-P39-R39 | R39: =COUNTBLANK(D39:O39) | S39: =ROUND(P39*(100/12), 1) | T39: =IF(S39>=85, "Pekiyi (5)", IF(S39>=70, "İyi (4)", IF(S39>=55, "Orta (3)", IF(S39>=45, "Geçer (2)", "Geliştirilmeli (1)"))))
A42: SINIF TOPLAMI / DOĞRU ÇÖZEN SAYISI | D42: =COUNTIF(D12:D41, D$10) | E42: =COUNTIF(E12:E41, E$10) | F42: =COUNTIF(F12:F41, F$10) | G42: =COUNTIF(G12:G41, G$10) | H42: =COUNTIF(H12:H41, H$10) | I42: =COUNTIF(I12:I41, I$10) | J42: =COUNTIF(J12:J41, J$10) | K42: =COUNTIF(K12:K41, K$10) | ... O42: =COUNTIF(O12:O41, O$10) | P42: =AVERAGE(P12:P41) | Q42: =AVERAGE(Q12:Q41) | R42: =AVERAGE(R12:R41) | S42: =AVERAGE(S12:S41) | T42: =IF(S42>=85, "Genel Pekiyi", IF(S42>=70, "Genel İyi", IF(S42>=50, "Genel Orta", "Desteklenmeli")))
A43: SORU BAZLI SINIF BAŞARI YÜZDESİ (%) | D43: =D42/COUNTA($C$12:$C$41) | E43: =E42/COUNTA($C$12:$C$41) | F43: =F42/COUNTA($C$12:$C$41) | G43: =G42/COUNTA($C$12:$C$41) | H43: =H42/COUNTA($C$12:$C$41) | I43: =I42/COUNTA($C$12:$C$41) | J43: =J42/COUNTA($C$12:$C$41) | K43: =K42/COUNTA($C$12:$C$41) | ... O43: =O42/COUNTA($C$12:$C$41) | P43: Kazanım analiz detayları ve grafik için 'Kazanım Analizi' sayfasına bakınız.
C46: Ders Öğretmeni | R46: Okul Müdürü
C47: Uğur YAŞAYAN | R47: Mustafa ÖZKAN
C48: Matematik Öğretmeni | R48: Alparslan Ortaokulu Müdürü
C49: İmza: ....................................... | R49: İmza: .......................................

Sheet Kazanım Analizi
A1: 5. SINIF MATEMATİK DERSİ • 1. HAFTA KAZANIM VE MADDE (SORU) ANALİZ RAPORU
A2: Alparslan Ortaokulu • 5/A Şubesi • Zümre Öğretmeni: Uğur YAŞAYAN • Türkiye Yüzyılı Maarif Modeli
A4: Soru No | B4: Konu / Beceri Başlığı | C4: Kazanım Kodu & Açıklaması | D4: Doğru Şık | E4: Doğru Sayı | F4: Başarı (%) | G4: Soru Güçlüğü (İndeks) | H4: A Seçen | I4: B Seçen | J4: C Seçen | K4: D Seçen | L4: Kritik Çeldirici (Tuzak Şık) | M4: Pedagojik Teşhis & Kavram Yanılgısı Analizi
A5: 1 | B5: Temel Toplama | C5: MAT.7.1.1.1: Aynı ve farklı işaretli tam sayılarda toplama işlemini yapar. | D5: A | E5: ='Optik Giriş ve Notlar'!D42 | F5: ='Optik Giriş ve Notlar'!D43 | G5: =IF(F5>=0.85, "Çok Kolay", IF(F5>=0.70, "Kolay", IF(F5>=0.50, "Orta Güçlükte", IF(F5>=0.30, "Zor", "Çok Zor")))) | H5: =COUNTIF('Optik Giriş ve Notlar'!D$12:D$41, "A") | I5: =COUNTIF('Optik Giriş ve Notlar'!D$12:D$41, "B") | J5: =COUNTIF('Optik Giriş ve Notlar'!D$12:D$41, "C") | K5: =COUNTIF('Optik Giriş ve Notlar'!D$12:D$41, "D") | L5: - | M5: Zıt işaretlileri toplarken çıkarma yerine mutlak değerleri toplama hatası.
A6: 2 | B6: Çıkarma İşlemi | C6: MAT.7.1.1.1: Tam sayılarda çıkarma işlemini toplama işlemine dönüştürerek çözer. | D6: C | E6: ='Optik Giriş ve Notlar'!E42 | F6: ='Optik Giriş ve Notlar'!E43 | G6: =IF(F6>=0.85, "Çok Kolay", IF(F6>=0.70, "Kolay", IF(F6>=0.50, "Orta Güçlükte", IF(F6>=0.30, "Zor", "Çok Zor")))) | H6: =COUNTIF('Optik Giriş ve Notlar'!E$12:E$41, "A") | I6: =COUNTIF('Optik Giriş ve Notlar'!E$12:E$41, "B") | J6: =COUNTIF('Optik Giriş ve Notlar'!E$12:E$41, "C") | K6: =COUNTIF('Optik Giriş ve Notlar'!E$12:E$41, "D") | L6: A | M6: Eksi ile eksinin çarpım/toplam yönünü karıştırıp (+18)-(-14) işlemini 18-14=4 sanma.
A7: 3 | B7: Sayma Pulları | C7: MAT.7.1.1.2: Tam sayılarda toplama işlemini sayma pullarıyla modeller ve nötr çiftleri açıklar. | D7: A | E7: ='Optik Giriş ve Notlar'!F42 | F7: ='Optik Giriş ve Notlar'!F43 | G7: =IF(F7>=0.85, "Çok Kolay", IF(F7>=0.70, "Kolay", IF(F7>=0.50, "Orta Güçlükte", IF(F7>=0.30, "Zor", "Çok Zor")))) | H7: =COUNTIF('Optik Giriş ve Notlar'!F$12:F$41, "A") | I7: =COUNTIF('Optik Giriş ve Notlar'!F$12:F$41, "B") | J7: =COUNTIF('Optik Giriş ve Notlar'!F$12:F$41, "C") | K7: =COUNTIF('Optik Giriş ve Notlar'!F$12:F$41, "D") | L7: - | M7: Nötr çiftlerin değerini sıfır kabul etmek yerine pulları doğrudan toplama (9+5=14).
A8: 4 | B8: Sayı Doğrusu | C8: MAT.7.1.1.2: Tam sayılarla toplama ve çıkarma hareketlerini sayı doğrusunda modeller. | D8: C | E8: ='Optik Giriş ve Notlar'!G42 | F8: ='Optik Giriş ve Notlar'!G43 | G8: =IF(F8>=0.85, "Çok Kolay", IF(F8>=0.70, "Kolay", IF(F8>=0.50, "Orta Güçlükte", IF(F8>=0.30, "Zor", "Çok Zor")))) | H8: =COUNTIF('Optik Giriş ve Notlar'!G$12:G$41, "A") | I8: =COUNTIF('Optik Giriş ve Notlar'!G$12:G$41, "B") | J8: =COUNTIF('Optik Giriş ve Notlar'!G$12:G$41, "C") | K8: =COUNTIF('Optik Giriş ve Notlar'!G$12:G$41, "D") | L8: - | M8: Sola hareketi pozitif, sağa hareketi negatif kabul etme yön karmaşası.
A9: 5 | B9: Toplamanın Özellikleri | C9: MAT.7.1.1.3: Ters eleman, etkisiz eleman ve birleşme özelliklerini cebirsel eşitliklerde kullanır. | D9: C | E9: ='Optik Giriş ve Notlar'!H42 | F9: ='Optik Giriş ve Notlar'!H43 | G9: =IF(F9>=0.85, "Çok Kolay", IF(F9>=0.70, "Kolay", IF(F9>=0.50, "Orta Güçlükte", IF(F9>=0.30, "Zor", "Çok Zor")))) | H9: =COUNTIF('Optik Giriş ve Notlar'!H$12:H$41, "A") | I9: =COUNTIF('Optik Giriş ve Notlar'!H$12:H$41, "B") | J9: =COUNTIF('Optik Giriş ve Notlar'!H$12:H$41, "C") | K9: =COUNTIF('Optik Giriş ve Notlar'!H$12:H$41, "D") | L9: - | M9: Ters elemanı zıt işaretli almak yerine 1/x olarak düşünme (çarpmayla karıştırma).
A10: 6 | B10: Mutlak Değer | C10: MAT.7.1.1.4: Mutlak değerli ifadelerin uzaklık kavramını kullanarak işlem önceliğini uygular. | D10: C | E10: ='Optik Giriş ve Notlar'!I42 | F10: ='Optik Giriş ve Notlar'!I43 | G10: =IF(F10>=0.85, "Çok Kolay", IF(F10>=0.70, "Kolay", IF(F10>=0.50, "Orta Güçlükte", IF(F10>=0.30, "Zor", "Çok Zor")))) | H10: =COUNTIF('Optik Giriş ve Notlar'!I$12:I$41, "A") | I10: =COUNTIF('Optik Giriş ve Notlar'!I$12:I$41, "B") | J10: =COUNTIF('Optik Giriş ve Notlar'!I$12:I$41, "C") | K10: =COUNTIF('Optik Giriş ve Notlar'!I$12:I$41, "D") | L10: - | M10: Mutlak değer dışına negatif sayıyı yine negatif olarak çıkarma hatası.
A11: 7 | B11: Sıcaklık Farkı | C11: MAT.7.1.1.5: Negatif ve pozitif hava sıcaklıkları arasındaki farkı çıkarma işlemiyle modeller. | D11: C | E11: ='Optik Giriş ve Notlar'!J42 | F11: ='Optik Giriş ve Notlar'!J43 | G11: =IF(F11>=0.85, "Çok Kolay", IF(F11>=0.70, "Kolay", IF(F11>=0.50, "Orta Güçlükte", IF(F11>=0.30, "Zor", "Çok Zor")))) | H11: =COUNTIF('Optik Giriş ve Notlar'!J$12:J$41, "A") | I11: =COUNTIF('Optik Giriş ve Notlar'!J$12:J$41, "B") | J11: =COUNTIF('Optik Giriş ve Notlar'!J$12:J$41, "C") | K11: =COUNTIF('Optik Giriş ve Notlar'!J$12:J$41, "D") | L11: B | M11: Farkı bulurken 6-18=-12 hesaplayıp sıfırın iki yanındaki mesafeyi göz ardı etme.
A12: 8 | B12: Rakım ve Kot Farkı | C12: MAT.7.1.1.5: Deniz seviyesinin altı ve üstü arasındaki düşey mesafeyi tam sayılarla çözümler. | D12: C | E12: ='Optik Giriş ve Notlar'!K42 | F12: ='Optik Giriş ve Notlar'!K43 | G12: =IF(F12>=0.85, "Çok Kolay", IF(F12>=0.70, "Kolay", IF(F12>=0.50, "Orta Güçlükte", IF(F12>=0.30, "Zor", "Çok Zor")))) | H12: =COUNTIF('Optik Giriş ve Notlar'!K$12:K$41, "A") | I12: =COUNTIF('Optik Giriş ve Notlar'!K$12:K$41, "B") | J12: =COUNTIF('Optik Giriş ve Notlar'!K$12:K$41, "C") | K12: =COUNTIF('Optik Giriş ve Notlar'!K$12:K$41, "D") | L12: - | M12: 320'den 50'yi doğrudan çıkararak 270 bulma (negatif kotu toplamama yanılgısı).
A13: 9 | B13: Finansal Bakiye | C13: MAT.7.1.1.6: Banka borç, yatırılan para ve fatura akışını tam sayı toplama-çıkarmasıyla yönetir. | D13: A | E13: ='Optik Giriş ve Notlar'!L42 | F13: ='Optik Giriş ve Notlar'!L43 | G13: =IF(F13>=0.85, "Çok Kolay", IF(F13>=0.70, "Kolay", IF(F13>=0.50, "Orta Güçlükte", IF(F13>=0.30, "Zor", "Çok Zor")))) | H13: =COUNTIF('Optik Giriş ve Notlar'!L$12:L$41, "A") | I13: =COUNTIF('Optik Giriş ve Notlar'!L$12:L$41, "B") | J13: =COUNTIF('Optik Giriş ve Notlar'!L$12:L$41, "C") | K13: =COUNTIF('Optik Giriş ve Notlar'!L$12:L$41, "D") | L13: B | M13: Borç miktarını pozitif para gibi ekleyip toplam bakiye hesabı yapma.
A14: 10 | B14: Parantezli İşlemler | C14: MAT.7.1.1.7: Köşeli ve yay parantez içeren çok adımlı tam sayı işlemlerini sonuçlandırır. | D14: A | E14: ='Optik Giriş ve Notlar'!M42 | F14: ='Optik Giriş ve Notlar'!M43 | G14: =IF(F14>=0.85, "Çok Kolay", IF(F14>=0.70, "Kolay", IF(F14>=0.50, "Orta Güçlükte", IF(F14>=0.30, "Zor", "Çok Zor")))) | H14: =COUNTIF('Optik Giriş ve Notlar'!M$12:M$41, "A") | I14: =COUNTIF('Optik Giriş ve Notlar'!M$12:M$41, "B") | J14: =COUNTIF('Optik Giriş ve Notlar'!M$12:M$41, "C") | K14: =COUNTIF('Optik Giriş ve Notlar'!M$12:M$41, "D") | L14: - | M14: Parantez içi işaret dönüşümlerinde hata yaparak -11 yerine +11 bulma.
A15: 11 | B15: Asansör Problemi | C15: MAT.7.1.1.8: Zemin altı ve zemin üstü kat hareketlerini tam sayı yönleriyle eşleştirir. | D15: C | E15: ='Optik Giriş ve Notlar'!N42 | F15: ='Optik Giriş ve Notlar'!N43 | G15: =IF(F15>=0.85, "Çok Kolay", IF(F15>=0.70, "Kolay", IF(F15>=0.50, "Orta Güçlükte", IF(F15>=0.30, "Zor", "Çok Zor")))) | H15: =COUNTIF('Optik Giriş ve Notlar'!N$12:N$41, "A") | I15: =COUNTIF('Optik Giriş ve Notlar'!N$12:N$41, "B") | J15: =COUNTIF('Optik Giriş ve Notlar'!N$12:N$41, "C") | K15: =COUNTIF('Optik Giriş ve Notlar'!N$12:N$41, "D") | L15: A | M15: Zemin kat 0'ı atlayarak -1'den sonra doğrudan +1'e geçip basamak kaydırma.
A16: 12 | B16: Mantık Muhakeme | C16: MAT.7.1.1.9: İki bilinmeyenli işlem sonucunu çıkararak cebirsel farkı belirler. | D16: D | E16: ='Optik Giriş ve Notlar'!O42 | F16: ='Optik Giriş ve Notlar'!O43 | G16: =IF(F16>=0.85, "Çok Kolay", IF(F16>=0.70, "Kolay", IF(F16>=0.50, "Orta Güçlükte", IF(F16>=0.30, "Zor", "Çok Zor")))) | H16: =COUNTIF('Optik Giriş ve Notlar'!O$12:O$41, "A") | I16: =COUNTIF('Optik Giriş ve Notlar'!O$12:O$41, "B") | J16: =COUNTIF('Optik Giriş ve Notlar'!O$12:O$41, "C") | K16: =COUNTIF('Optik Giriş ve Notlar'!O$12:O$41, "D") | L16: D | M16: 8 - (-18) işleminde iki eksinin artıya dönüştüğünü unutarak 8-18=-10 bulma.

Sheet Zümre Teşhis Raporu
A1: ALPARSLAN ORTAOKULU MATEMATİK ZÜMRESİ
A2: 1. HAFTA ÇALIŞMA KAĞIDI SÜREÇ DEĞERLENDİRME VE TELAFİ EYLEM TUTANAĞI
B4: Ders Adı: | C4: Matematik (7. Sınıf) | E4: Uygulama Sınıfı: | F4: 5 / A
B5: Ders Öğretmeni: | C5: Uğur YAŞAYAN | E5: Zümre Eş Öğretmeni: | F5: Demet GÜRHAN YAŞAYAN
B6: Konu: | C6: Çok Basamaklı Doğal Sayılar (1. Hafta) | E6: Okul Müdürü: | F6: Mustafa ÖZKAN
B8: 🌟 1. SINIFIN ÜSTÜN BAŞARI GÖSTERDİĞİ KAZANIMLAR (TAM PEKİŞTİRİLEN ALANLAR)
B9: • MAT.5.1.1.1 Bölük ve Basamak Değerleri (Soru 1 & Soru 3):
B10: Öğrencilerin %90'ından fazlası dokuz basamaklı sayıları sağdan sola üçerli bölüklerine ayırabilmekte ve basamak değerlerini doğru hesaplamaktadır.
B11: • MAT.5.1.1.5 Hârizmî ve Sıfırın Rolü (Soru 5):
B12: Onluk sistemde '0' rakamının basamak değerinin 0 olduğunu kavrama düzeyi %93 ile zirvededir.
B13: • MAT.5.1.2.4 Çözümleme ve Sayı Birleştirme (Soru 10):
B14: Parantezli basamak basamak çözümlenmiş sayıları birleştirip okunuşunu tespit etmede yüksek doğruluk (%93) gözlenmiştir.
B16: ⚠️ 2. ÖNCELİKLİ MÜDAHALE VE TELAFİ GEREKTİREN KAZANIMLAR (KAVRAM YANILGILARI)
B17: • Soru 7 (TÜİK Nüfus Tablosu Analizi - Başarı: %63):
B18: Yanılan öğrencilerin büyük kısmı B şıkkına yönelmiştir. Kocaeli nüfusunda 0'ın bulunduğu basamakları (onlar ve on binler) yüz binler basamağıyla karıştırmışlardır. Basamak tablosu eşleştirmesi tekrar edilmelidir.
B19: • Soru 9 (Mekanik Sayaç Modelleme - Başarı: %70):
B20: Görsel model üzerindeki sayacın binler bölüğündeki 'en küçük basamak değerli rakam' ifadesi, öğrencilerin bir kısmı tarafından 'en küçük sayı değeri' (3 yerine 5) olarak algılanmıştır.
... B27: 3. TÜİK gerçek yaşam nüfus tablosu sınıf panosuna asılacak, öğrencilerden kendi şehirlerinin bölük kartlarını hazırlamaları istenecektir.
B30: Ders Öğretmeni | D30: Zümre Eş Öğretmeni | G30: Okul Müdürü
B31: Uğur YAŞAYAN | D31: Demet GÜRHAN YAŞAYAN | G31: Mustafa ÖZKAN
B32: Matematik Öğretmeni | D32: Matematik Öğretmeni | G32: Alparslan Ortaokulu Müdürü
B33: İmza: ....................................... | D33: İmza: ....................................... | G33: İmza: .......................................
